{
  "meta": {
    "n_2022": 251,
    "n_2023plus": 729
  },
  "2022_high_vol": {
    "models": {
      "GARCH": {
        "QLIKE": 0.25794101921855556,
        "MSE": 0.00679958830836931,
        "MAE": 0.06302964526946173,
        "RMSE": 0.08245961622739527,
        "MZ_R2": 0.04289633937196618,
        "N": 251
      },
      "EGARCH": {
        "QLIKE": 0.23464281031016526,
        "MSE": 0.006227425670421399,
        "MAE": 0.061583917000712474,
        "RMSE": 0.0789140397547952,
        "MZ_R2": 0.058683185658051855,
        "N": 251
      },
      "GJR-GARCH": {
        "QLIKE": 0.259703657743256,
        "MSE": 0.006411926724117444,
        "MAE": 0.06220024211588798,
        "RMSE": 0.08007450732984527,
        "MZ_R2": 0.14879076462094368,
        "N": 251
      },
      "HAR-RV": {
        "QLIKE": 0.31227543189884993,
        "MSE": 0.007099548176464064,
        "MAE": 0.06367952274465512,
        "RMSE": 0.08425881660968224,
        "MZ_R2": 0.05033236338749799,
        "N": 251
      },
      "LightGBM": {
        "QLIKE": 0.34292915501931576,
        "MSE": 0.006824681926073797,
        "MAE": 0.06283628714000995,
        "RMSE": 0.08261163311588626,
        "MZ_R2": 0.09840858156847614,
        "N": 251
      },
      "XGBoost": {
        "QLIKE": 0.3147828404643857,
        "MSE": 0.00665633558367349,
        "MAE": 0.06194615367197914,
        "RMSE": 0.08158636885946996,
        "MZ_R2": 0.10353012491708409,
        "N": 251
      },
      "Ensemble": {
        "QLIKE": 0.2615717863266333,
        "MSE": 0.006147945641090251,
        "MAE": 0.059372324800327184,
        "RMSE": 0.0784088364987662,
        "MZ_R2": 0.08375277736952742,
        "N": 251
      }
    },
    "mcs_survivors": [
      "GARCH",
      "EGARCH",
      "GJR-GARCH",
      "XGBoost",
      "Ensemble"
    ],
    "mcs_eliminated": [
      "LightGBM",
      "HAR-RV"
    ]
  },
  "2023_2025_lower_vol": {
    "models": {
      "GARCH": {
        "QLIKE": 0.42278029825399893,
        "MSE": 0.006182109025704108,
        "MAE": 0.04861426065669472,
        "RMSE": 0.07862638886343508,
        "MZ_R2": 0.17204666275412586,
        "N": 729
      },
      "EGARCH": {
        "QLIKE": 0.4230386699228053,
        "MSE": 0.00579826659621764,
        "MAE": 0.04867838248334257,
        "RMSE": 0.07614634985485279,
        "MZ_R2": 0.1756128191447129,
        "N": 729
      },
      "GJR-GARCH": {
        "QLIKE": 0.37398845126680985,
        "MSE": 0.005032152800360123,
        "MAE": 0.04436008112525459,
        "RMSE": 0.0709376684164353,
        "MZ_R2": 0.2747827839388631,
        "N": 729
      },
      "HAR-RV": {
        "QLIKE": 0.45679721160426323,
        "MSE": 0.005709179616550123,
        "MAE": 0.04622509531789909,
        "RMSE": 0.07555911339176845,
        "MZ_R2": 0.18009763968616702,
        "N": 729
      },
      "LightGBM": {
        "QLIKE": 0.3702125139520338,
        "MSE": 0.005042107231050383,
        "MAE": 0.0424018984903674,
        "RMSE": 0.07100779697364497,
        "MZ_R2": 0.3053134175981224,
        "N": 729
      },
      "XGBoost": {
        "QLIKE": 0.3693046634237873,
        "MSE": 0.005177131396153198,
        "MAE": 0.04185690269206587,
        "RMSE": 0.07195228555197672,
        "MZ_R2": 0.2766289187897718,
        "N": 729
      },
      "Ensemble": {
        "QLIKE": 0.3711911598879633,
        "MSE": 0.005204673448002245,
        "MAE": 0.04335839587679744,
        "RMSE": 0.07214342276328622,
        "MZ_R2": 0.24475044549413372,
        "N": 729
      }
    },
    "mcs_survivors": [
      "GJR-GARCH",
      "LightGBM",
      "XGBoost",
      "Ensemble"
    ],
    "mcs_eliminated": [
      "HAR-RV",
      "EGARCH",
      "GARCH"
    ]
  }
}