{
  "GARCH_vs_EGARCH": {
    "mean_diff": 0.005774997438210332,
    "se": 0.006840785599750803,
    "t_stat": 0.8442009114305095,
    "p_value": 0.39855714533314446,
    "winner": "tie",
    "n": 980
  },
  "GARCH_vs_GJR-GARCH": {
    "mean_diff": 0.03584370835098063,
    "se": 0.01677355882615483,
    "t_stat": 2.1369173186485577,
    "p_value": 0.032604717122086235,
    "winner": "b",
    "n": 980
  },
  "GARCH_vs_HAR-RV": {
    "mean_diff": -0.03922068103581278,
    "se": 0.01690574475679337,
    "t_stat": -2.319961740819044,
    "p_value": 0.02034294710556539,
    "winner": "a",
    "n": 980
  },
  "GARCH_vs_LightGBM": {
    "mean_diff": 0.01733662517361405,
    "se": 0.03144022758723113,
    "t_stat": 0.55141538417664,
    "p_value": 0.5813489570538817,
    "winner": "tie",
    "n": 980
  },
  "GARCH_vs_XGBoost": {
    "mean_diff": 0.02522085781481728,
    "se": 0.030501931658023992,
    "t_stat": 0.8268610033483749,
    "p_value": 0.40831584875327587,
    "winner": "tie",
    "n": 980
  },
  "GARCH_vs_Ensemble": {
    "mean_diff": 0.03744608094358418,
    "se": 0.011517887162706963,
    "t_stat": 3.2511241354081393,
    "p_value": 0.0011494965592906414,
    "winner": "b",
    "n": 980
  },
  "EGARCH_vs_GJR-GARCH": {
    "mean_diff": 0.030068710912770295,
    "se": 0.015029051430250451,
    "t_stat": 2.0007058364474046,
    "p_value": 0.045424100090532216,
    "winner": "b",
    "n": 980
  },
  "EGARCH_vs_HAR-RV": {
    "mean_diff": -0.04499567847402311,
    "se": 0.02005880750879657,
    "t_stat": -2.2431881084800653,
    "p_value": 0.024884686805347167,
    "winner": "a",
    "n": 980
  },
  "EGARCH_vs_LightGBM": {
    "mean_diff": 0.011561627735403736,
    "se": 0.03062672502017861,
    "t_stat": 0.3775012747130581,
    "p_value": 0.7058011172581204,
    "winner": "tie",
    "n": 980
  },
  "EGARCH_vs_XGBoost": {
    "mean_diff": 0.01944586037660694,
    "se": 0.02959986143431517,
    "t_stat": 0.6569578178519214,
    "p_value": 0.5112080398161223,
    "winner": "tie",
    "n": 980
  },
  "EGARCH_vs_Ensemble": {
    "mean_diff": 0.03167108350537385,
    "se": 0.012145979406128164,
    "t_stat": 2.6075364074299716,
    "p_value": 0.00911963718175346,
    "winner": "b",
    "n": 980
  },
  "GJR-GARCH_vs_HAR-RV": {
    "mean_diff": -0.07506438938679338,
    "se": 0.025069933494537497,
    "t_stat": -2.9941997813097196,
    "p_value": 0.0027516570527978956,
    "winner": "a",
    "n": 980
  },
  "GJR-GARCH_vs_LightGBM": {
    "mean_diff": -0.018507083177366563,
    "se": 0.02524598521012239,
    "t_stat": -0.7330703485458012,
    "p_value": 0.4635155238753521,
    "winner": "tie",
    "n": 980
  },
  "GJR-GARCH_vs_XGBoost": {
    "mean_diff": -0.010622850536163351,
    "se": 0.024700712622057877,
    "t_stat": -0.4300625127178349,
    "p_value": 0.6671501683507677,
    "winner": "tie",
    "n": 980
  },
  "GJR-GARCH_vs_Ensemble": {
    "mean_diff": 0.0016023725926035623,
    "se": 0.013103296811628385,
    "t_stat": 0.12228774297332205,
    "p_value": 0.9026711388327902,
    "winner": "tie",
    "n": 980
  },
  "HAR-RV_vs_LightGBM": {
    "mean_diff": 0.05655730620942683,
    "se": 0.03829286398180046,
    "t_stat": 1.4769672552125368,
    "p_value": 0.1396844149569456,
    "winner": "tie",
    "n": 980
  },
  "HAR-RV_vs_XGBoost": {
    "mean_diff": 0.06444153885063003,
    "se": 0.03838877826206112,
    "t_stat": 1.678655632401731,
    "p_value": 0.09321917751118192,
    "winner": "tie",
    "n": 980
  },
  "HAR-RV_vs_Ensemble": {
    "mean_diff": 0.07666676197939695,
    "se": 0.02070953735357414,
    "t_stat": 3.702002641124452,
    "p_value": 0.00021390439103141645,
    "winner": "b",
    "n": 980
  },
  "LightGBM_vs_XGBoost": {
    "mean_diff": 0.007884232641203213,
    "se": 0.008604482139556219,
    "t_stat": 0.9162936843064732,
    "p_value": 0.3595128796700293,
    "winner": "tie",
    "n": 980
  },
  "LightGBM_vs_Ensemble": {
    "mean_diff": 0.020109455769970124,
    "se": 0.020928998972695796,
    "t_stat": 0.9608417390724298,
    "p_value": 0.33663174835343423,
    "winner": "tie",
    "n": 980
  },
  "XGBoost_vs_Ensemble": {
    "mean_diff": 0.012225223128766909,
    "se": 0.020810208337070233,
    "t_stat": 0.5874627937765297,
    "p_value": 0.5568929315121516,
    "winner": "tie",
    "n": 980
  }
}